player_id,player_name,team_id,sport_type,position,jersey_number,birth_date,height_cm,weight_kg,nationality,join_date,status
P0001,球员1,T001,篮球,小前锋,65,1990-03-17,189,60,中国,2016-11-01,现役
P0002,球员2,T001,篮球,大前锋,20,2005-06-25,192,98,中国,2017-09-01,停赛
P0003,球员3,T001,篮球,得分后卫,3,1985-02-12,198,80,中国,2019-04-01,现役
P0004,球员4,T001,篮球,中锋,11,1992-12-16,196,120,中国,2016-09-01,现役
P0005,球员5,T001,篮球,控球后卫,22,1989-05-17,202,90,中国,2021-04-01,停赛
P0006,球员6,T001,篮球,得分后卫,86,1991-11-12,205,79,中国,2022-09-01,伤病
P0007,球员7,T001,篮球,中锋,44,1988-01-19,175,74,中国,2023-04-01,停赛
P0008,球员8,T001,篮球,中锋,30,1992-02-02,160,64,中国,2020-02-01,停赛
P0009,球员9,T001,篮球,得分后卫,28,1992-09-05,177,102,中国,2022-04-01,伤病
P0010,球员10,T001,篮球,中锋,85,1998-07-12,172,66,中国,2021-07-01,伤病
P0011,球员11,T001,篮球,中锋,8,1986-07-24,203,101,中国,2020-02-01,现役
P0012,球员12,T001,篮球,得分后卫,18,1991-07-06,172,94,中国,2019-08-01,现役
P0013,球员13,T001,篮球,控球后卫,13,1987-01-21,188,111,中国,2023-01-01,现役
P0014,球员14,T002,篮球,得分后卫,28,1990-07-02,186,91,中国,2017-07-01,现役
P0015,球员15,T002,篮球,得分后卫,37,1997-07-23,176,119,中国,2023-11-01,伤病
P0016,球员16,T002,篮球,大前锋,8,1989-10-24,172,78,中国,2023-01-01,现役
P0017,球员17,T002,篮球,得分后卫,65,1986-09-06,163,97,中国,2015-09-01,现役
P0018,球员18,T002,篮球,中锋,87,1990-04-13,164,98,中国,2016-10-01,现役
P0019,球员19,T002,篮球,控球后卫,11,2003-07-22,198,62,中国,2023-06-01,现役
P0020,球员20,T002,篮球,小前锋,31,1991-05-13,202,105,中国,2017-11-01,现役
P0021,球员21,T002,篮球,中锋,2,1999-08-20,180,119,中国,2016-02-01,停赛
P0022,球员22,T002,篮球,大前锋,45,1991-02-08,192,76,中国,2020-05-01,现役
P0023,球员23,T002,篮球,小前锋,79,1999-11-17,194,105,中国,2015-11-01,停赛
P0024,球员24,T002,篮球,大前锋,34,1994-02-04,202,66,中国,2023-03-01,现役
P0025,球员25,T003,篮球,小前锋,27,2004-11-21,173,105,中国,2019-09-01,伤病
P0026,球员26,T003,篮球,得分后卫,36,1993-01-01,163,65,中国,2020-03-01,现役
P0027,球员27,T003,篮球,控球后卫,91,1990-07-18,207,88,中国,2015-02-01,现役
P0028,球员28,T003,篮球,小前锋,75,1989-09-05,194,62,中国,2021-03-01,现役
P0029,球员29,T003,篮球,中锋,46,1994-04-22,183,117,中国,2018-11-01,现役
P0030,球员30,T003,篮球,得分后卫,80,1996-12-05,209,95,中国,2018-03-01,现役
P0031,球员31,T003,篮球,小前锋,53,1998-11-28,161,71,中国,2018-05-01,现役
P0032,球员32,T003,篮球,中锋,61,1988-04-07,184,115,中国,2022-06-01,现役
P0033,球员33,T003,篮球,大前锋,52,1992-06-09,174,61,中国,2016-05-01,现役
P0034,球员34,T003,篮球,控球后卫,43,2005-01-04,192,85,中国,2019-03-01,停赛
P0035,球员35,T003,篮球,控球后卫,56,1993-06-24,162,66,中国,2020-07-01,停赛
P0036,球员36,T003,篮球,控球后卫,25,2001-05-02,167,84,中国,2021-01-01,停赛
P0037,球员37,T004,篮球,中锋,86,1991-06-20,183,87,中国,2020-11-01,现役
P0038,球员38,T004,篮球,得分后卫,42,1994-07-23,192,79,中国,2019-09-01,现役
P0039,球员39,T004,篮球,得分后卫,87,1991-12-06,186,102,中国,2019-07-01,停赛
P0040,球员40,T004,篮球,大前锋,56,1985-10-20,179,78,中国,2020-08-01,伤病
P0041,球员41,T004,篮球,控球后卫,61,1999-12-06,203,73,中国,2016-05-01,停赛
P0042,球员42,T004,篮球,中锋,97,2005-04-22,199,81,中国,2019-04-01,现役
P0043,球员43,T004,篮球,大前锋,61,1989-10-28,161,62,中国,2016-08-01,伤病
P0044,球员44,T004,篮球,得分后卫,64,2005-07-08,196,72,中国,2017-11-01,现役
P0045,球员45,T004,篮球,大前锋,23,1988-12-17,209,87,中国,2022-01-01,停赛
P0046,球员46,T004,篮球,大前锋,60,1992-11-17,167,89,中国,2023-10-01,现役
P0047,球员47,T004,篮球,控球后卫,55,1999-09-15,199,112,中国,2017-12-01,伤病
P0048,球员48,T004,篮球,大前锋,82,1999-05-25,176,108,中国,2023-08-01,现役
P0049,球员49,T004,篮球,小前锋,31,1993-05-11,188,64,中国,2020-09-01,现役
P0050,球员50,T004,篮球,得分后卫,89,1989-03-23,169,74,中国,2018-02-01,伤病
P0051,球员51,T005,篮球,得分后卫,8,1995-04-27,194,89,中国,2021-07-01,停赛
P0052,球员52,T005,篮球,得分后卫,62,1985-01-12,208,96,中国,2019-07-01,伤病
P0053,球员53,T005,篮球,控球后卫,78,2002-04-16,207,107,中国,2018-05-01,伤病
P0054,球员54,T005,篮球,小前锋,86,2000-11-26,161,84,中国,2021-12-01,现役
P0055,球员55,T005,篮球,控球后卫,4,1999-07-19,168,99,中国,2015-02-01,伤病
P0056,球员56,T005,篮球,中锋,34,1989-07-11,189,71,中国,2018-08-01,现役
P0057,球员57,T005,篮球,得分后卫,36,1995-07-09,208,116,中国,2016-08-01,现役
P0058,球员58,T005,篮球,小前锋,29,2002-11-03,163,120,中国,2015-01-01,现役
P0059,球员59,T005,篮球,大前锋,31,1991-03-16,161,99,中国,2016-10-01,现役
P0060,球员60,T005,篮球,小前锋,22,1999-10-20,204,76,中国,2016-03-01,现役
P0061,球员61,T005,篮球,小前锋,74,1988-11-13,197,61,中国,2021-12-01,现役
P0062,球员62,T005,篮球,大前锋,14,1987-12-25,197,104,中国,2019-11-01,停赛
P0063,球员63,T005,篮球,中锋,45,1988-09-14,210,96,中国,2020-02-01,停赛
P0064,球员64,T006,篮球,得分后卫,63,1995-02-14,160,114,中国,2020-11-01,伤病
P0065,球员65,T006,篮球,控球后卫,84,1989-05-20,187,71,中国,2023-08-01,伤病
P0066,球员66,T006,篮球,小前锋,42,1998-04-27,206,97,中国,2016-05-01,伤病
P0067,球员67,T006,篮球,控球后卫,79,1992-11-13,208,89,中国,2020-01-01,伤病
P0068,球员68,T006,篮球,大前锋,46,1995-05-11,171,91,中国,2019-10-01,现役
P0069,球员69,T006,篮球,大前锋,11,2002-04-24,160,93,中国,2021-08-01,停赛
P0070,球员70,T006,篮球,得分后卫,58,1992-01-03,204,90,中国,2019-04-01,伤病
P0071,球员71,T006,篮球,控球后卫,48,1992-08-18,179,102,中国,2023-06-01,伤病
P0072,球员72,T006,篮球,得分后卫,35,2002-05-09,181,82,中国,2018-02-01,现役
P0073,球员73,T006,篮球,控球后卫,98,1995-12-06,167,107,中国,2018-04-01,伤病
P0074,球员74,T006,篮球,控球后卫,77,1993-05-04,206,97,中国,2018-05-01,现役
P0075,球员75,T006,篮球,中锋,91,1996-09-05,171,79,中国,2019-01-01,现役
P0076,球员76,T006,篮球,大前锋,82,2002-08-04,178,104,中国,2015-10-01,现役
P0077,球员77,T006,篮球,小前锋,24,2000-01-09,190,88,中国,2022-02-01,现役
P0078,球员78,T006,篮球,控球后卫,81,1997-11-02,191,64,中国,2017-03-01,停赛
P0079,球员79,T007,篮球,控球后卫,98,1987-07-20,175,67,中国,2018-09-01,伤病
P0080,球员80,T007,篮球,控球后卫,55,1999-05-19,188,79,中国,2015-10-01,现役
P0081,球员81,T007,篮球,小前锋,85,1991-02-06,200,73,中国,2018-03-01,停赛
P0082,球员82,T007,篮球,得分后卫,58,1987-12-20,170,60,中国,2022-05-01,现役
P0083,球员83,T007,篮球,小前锋,90,1992-08-03,178,105,中国,2018-05-01,停赛
P0084,球员84,T007,篮球,控球后卫,29,1991-11-05,187,67,中国,2019-03-01,现役
P0085,球员85,T007,篮球,小前锋,77,1986-12-27,170,110,中国,2019-08-01,现役
P0086,球员86,T007,篮球,得分后卫,35,1999-09-18,204,79,中国,2022-08-01,现役
P0087,球员87,T007,篮球,得分后卫,95,2004-06-20,162,116,中国,2019-01-01,现役
P0088,球员88,T007,篮球,控球后卫,76,1992-01-25,203,113,中国,2019-10-01,现役
P0089,球员89,T007,篮球,得分后卫,36,1990-03-19,190,93,中国,2021-11-01,伤病
P0090,球员90,T007,篮球,得分后卫,43,1987-06-22,190,82,中国,2016-03-01,现役
P0091,球员91,T008,篮球,得分后卫,98,2000-09-02,178,102,中国,2022-02-01,现役
P0092,球员92,T008,篮球,得分后卫,66,1993-01-22,180,67,中国,2023-08-01,伤病
P0093,球员93,T008,篮球,小前锋,80,1986-08-21,172,93,中国,2022-01-01,现役
P0094,球员94,T008,篮球,小前锋,57,1993-12-16,195,68,中国,2016-01-01,停赛
P0095,球员95,T008,篮球,小前锋,71,1992-01-18,205,70,中国,2021-02-01,现役
P0096,球员96,T008,篮球,中锋,83,1988-03-16,189,120,中国,2019-09-01,现役
P0097,球员97,T008,篮球,大前锋,59,1998-09-05,190,90,中国,2021-04-01,停赛
P0098,球员98,T008,篮球,大前锋,9,2001-05-25,207,116,中国,2021-06-01,停赛
P0099,球员99,T008,篮球,小前锋,76,1993-10-22,160,78,中国,2022-03-01,伤病
P0100,球员100,T008,篮球,小前锋,71,2002-09-13,190,82,中国,2022-06-01,现役
P0101,球员101,T008,篮球,大前锋,53,1992-01-11,196,84,中国,2022-12-01,伤病
P0102,球员102,T008,篮球,大前锋,64,1997-01-05,202,110,中国,2023-10-01,现役
P0103,球员103,T008,篮球,控球后卫,59,1988-01-24,188,66,中国,2017-07-01,现役
P0104,球员104,T009,足球,中场,80,2000-12-13,190,66,中国,2016-06-01,停赛
P0105,球员105,T009,足球,前锋,70,1997-01-20,175,90,中国,2016-04-01,现役
P0106,球员106,T009,足球,前锋,13,1992-11-23,188,55,中国,2016-08-01,现役
P0107,球员107,T009,足球,中场,8,1994-05-12,165,52,中国,2020-07-01,现役
P0108,球员108,T009,足球,后卫,22,1992-03-03,181,76,中国,2021-10-01,现役
P0109,球员109,T009,足球,后卫,60,2000-11-09,183,59,中国,2022-05-01,现役
P0110,球员110,T009,足球,后卫,10,1999-08-12,174,84,中国,2019-11-01,伤病
P0111,球员111,T009,足球,后卫,50,1993-08-04,179,69,中国,2018-07-01,停赛
P0112,球员112,T009,足球,中场,3,1996-11-13,183,68,中国,2019-01-01,停赛
P0113,球员113,T009,足球,中场,30,1986-10-26,184,81,中国,2020-04-01,现役
P0114,球员114,T009,足球,门将,81,2004-11-02,173,58,中国,2019-08-01,现役
P0115,球员115,T009,足球,门将,38,2003-06-24,176,58,中国,2021-03-01,现役
P0116,球员116,T009,足球,中场,68,1989-09-09,190,84,中国,2017-05-01,伤病
P0117,球员117,T009,足球,门将,60,1994-02-05,188,71,中国,2018-11-01,伤病
P0118,球员118,T009,足球,前锋,2,2002-05-18,176,55,中国,2016-08-01,现役
P0119,球员119,T009,足球,中场,14,1993-11-08,183,74,中国,2022-01-01,停赛
P0120,球员120,T009,足球,后卫,83,2002-02-21,175,89,中国,2022-12-01,现役
P0121,球员121,T009,足球,后卫,6,2005-01-10,178,57,中国,2022-02-01,现役
P0122,球员122,T009,足球,前锋,59,1992-06-22,182,58,中国,2023-07-01,停赛
P0123,球员123,T009,足球,前锋,79,1989-07-09,178,56,中国,2015-12-01,现役
P0124,球员124,T009,足球,后卫,47,1991-02-22,179,78,中国,2020-09-01,现役
P0125,球员125,T010,足球,门将,59,1997-02-22,173,62,中国,2018-11-01,停赛
P0126,球员126,T010,足球,后卫,17,1985-10-07,166,71,中国,2016-09-01,现役
P0127,球员127,T010,足球,中场,19,2003-10-01,171,64,中国,2019-03-01,现役
P0128,球员128,T010,足球,门将,85,2002-01-05,173,61,中国,2015-06-01,现役
P0129,球员129,T010,足球,后卫,34,2003-01-05,175,51,中国,2021-09-01,现役
P0130,球员130,T010,足球,中场,66,1987-10-04,180,78,中国,2022-09-01,现役
P0131,球员131,T010,足球,中场,59,2004-11-01,166,83,中国,2015-08-01,伤病
P0132,球员132,T010,足球,前锋,92,1998-08-03,186,56,中国,2016-06-01,停赛
P0133,球员133,T010,足球,中场,80,1989-11-19,167,58,中国,2023-12-01,现役
P0134,球员134,T010,足球,中场,59,1997-09-20,184,83,中国,2021-02-01,现役
P0135,球员135,T010,足球,后卫,56,2005-08-08,185,85,中国,2021-06-01,伤病
P0136,球员136,T010,足球,中场,55,1997-06-22,178,56,中国,2019-06-01,现役
P0137,球员137,T010,足球,门将,12,2000-07-04,167,55,中国,2020-03-01,停赛
P0138,球员138,T010,足球,中场,86,1986-02-14,183,85,中国,2020-11-01,伤病
P0139,球员139,T010,足球,中场,46,1986-02-19,174,88,中国,2023-04-01,现役
P0140,球员140,T010,足球,中场,72,2000-06-04,172,56,中国,2019-10-01,现役
P0141,球员141,T010,足球,门将,78,1998-11-27,182,89,中国,2019-01-01,现役
P0142,球员142,T010,足球,中场,45,1993-01-06,187,69,中国,2017-10-01,伤病
P0143,球员143,T010,足球,门将,12,1987-12-17,169,90,中国,2018-07-01,伤病
P0144,球员144,T010,足球,中场,40,1999-12-11,175,60,中国,2016-01-01,现役
P0145,球员145,T011,足球,中场,57,2004-11-14,166,55,中国,2022-10-01,伤病
P0146,球员146,T011,足球,门将,45,1998-07-04,173,63,中国,2019-11-01,停赛
P0147,球员147,T011,足球,门将,29,2000-07-20,181,69,中国,2015-01-01,现役
P0148,球员148,T011,足球,中场,38,1994-06-04,171,58,中国,2015-08-01,伤病
P0149,球员149,T011,足球,后卫,65,1990-09-27,169,74,中国,2020-02-01,伤病
P0150,球员150,T011,足球,前锋,10,1986-06-19,178,51,中国,2021-10-01,伤病
P0151,球员151,T011,足球,门将,52,2005-01-11,178,68,中国,2017-10-01,伤病
P0152,球员152,T011,足球,门将,32,1996-07-19,167,77,中国,2021-09-01,现役
P0153,球员153,T011,足球,后卫,43,1997-03-03,174,71,中国,2023-11-01,现役
P0154,球员154,T011,足球,中场,45,2001-12-27,181,62,中国,2017-04-01,现役
P0155,球员155,T011,足球,后卫,78,1989-03-25,173,62,中国,2016-03-01,伤病
P0156,球员156,T011,足球,前锋,88,1999-10-21,189,86,中国,2020-11-01,现役
P0157,球员157,T011,足球,前锋,57,1989-11-10,179,54,中国,2019-10-01,现役
P0158,球员158,T011,足球,中场,60,1996-08-02,181,54,中国,2015-06-01,现役
P0159,球员159,T011,足球,前锋,60,1987-10-18,185,55,中国,2015-08-01,停赛
P0160,球员160,T011,足球,前锋,65,2005-03-02,171,70,中国,2022-02-01,现役
P0161,球员161,T011,足球,门将,32,1987-12-15,181,61,中国,2022-09-01,停赛
P0162,球员162,T011,足球,中场,37,2004-07-14,170,73,中国,2020-11-01,停赛
P0163,球员163,T011,足球,中场,9,1986-06-04,190,90,中国,2023-11-01,伤病
P0164,球员164,T011,足球,后卫,43,1994-02-19,173,88,中国,2017-06-01,现役
P0165,球员165,T011,足球,后卫,77,2005-12-03,187,75,中国,2019-09-01,伤病
P0166,球员166,T011,足球,后卫,86,2005-12-27,190,71,中国,2023-02-01,伤病
P0167,球员167,T012,足球,中场,24,1996-04-11,165,73,中国,2022-04-01,现役
P0168,球员168,T012,足球,中场,13,1989-09-25,169,54,中国,2023-12-01,停赛
P0169,球员169,T012,足球,后卫,77,1986-07-05,186,71,中国,2017-03-01,停赛
P0170,球员170,T012,足球,门将,53,1990-06-22,188,78,中国,2018-08-01,停赛
P0171,球员171,T012,足球,后卫,69,1994-04-10,189,78,中国,2022-04-01,现役
P0172,球员172,T012,足球,中场,49,2003-09-17,179,79,中国,2021-03-01,现役
P0173,球员173,T012,足球,门将,83,2004-08-28,169,66,中国,2020-09-01,现役
P0174,球员174,T012,足球,门将,98,2001-03-09,168,68,中国,2022-09-01,现役
P0175,球员175,T012,足球,前锋,45,1998-01-14,167,64,中国,2015-07-01,停赛
P0176,球员176,T012,足球,门将,48,1996-04-01,172,74,中国,2020-02-01,现役
P0177,球员177,T012,足球,中场,61,1989-12-27,169,52,中国,2017-12-01,伤病
P0178,球员178,T012,足球,门将,3,1999-05-07,184,50,中国,2017-09-01,停赛
P0179,球员179,T012,足球,中场,31,2001-05-04,178,57,中国,2015-04-01,伤病
P0180,球员180,T012,足球,前锋,9,2005-02-27,190,89,中国,2022-10-01,停赛
P0181,球员181,T012,足球,后卫,92,1985-03-10,185,82,中国,2021-01-01,停赛
P0182,球员182,T012,足球,前锋,24,1996-11-22,172,86,中国,2016-09-01,现役
P0183,球员183,T012,足球,门将,50,1987-08-02,181,84,中国,2021-06-01,现役
P0184,球员184,T012,足球,中场,31,1985-12-22,176,54,中国,2016-10-01,现役
P0185,球员185,T012,足球,中场,83,1989-03-27,166,72,中国,2022-12-01,伤病
P0186,球员186,T012,足球,门将,92,2005-08-02,170,58,中国,2019-04-01,现役
P0187,球员187,T012,足球,中场,66,1991-07-27,166,70,中国,2023-08-01,现役
P0188,球员188,T012,足球,中场,46,1986-01-28,189,62,中国,2020-05-01,现役
P0189,球员189,T012,足球,前锋,50,1996-06-06,178,75,中国,2022-12-01,伤病
P0190,球员190,T012,足球,中场,11,1996-12-14,190,83,中国,2016-07-01,停赛
P0191,球员191,T012,足球,中场,14,1990-02-11,182,68,中国,2019-05-01,伤病
P0192,球员192,T012,足球,后卫,89,2004-08-12,187,77,中国,2022-01-01,现役
P0193,球员193,T012,足球,门将,10,2004-11-21,178,67,中国,2021-06-01,停赛
P0194,球员194,T012,足球,前锋,5,1990-03-03,165,59,中国,2018-11-01,现役
P0195,球员195,T013,足球,后卫,87,1997-08-12,183,52,中国,2020-08-01,现役
P0196,球员196,T013,足球,中场,51,2003-06-21,169,83,中国,2019-04-01,现役
P0197,球员197,T013,足球,前锋,67,1985-07-18,188,61,中国,2016-05-01,现役
P0198,球员198,T013,足球,中场,89,1999-08-07,171,89,中国,2016-03-01,现役
P0199,球员199,T013,足球,门将,88,1999-06-22,170,78,中国,2020-12-01,现役
P0200,球员200,T013,足球,中场,21,2002-12-23,182,68,中国,2017-06-01,停赛
P0201,球员201,T013,足球,后卫,31,1992-08-01,168,62,中国,2020-09-01,停赛
P0202,球员202,T013,足球,后卫,79,1996-02-03,179,85,中国,2019-07-01,伤病
P0203,球员203,T013,足球,门将,17,2001-06-21,178,76,中国,2016-08-01,伤病
P0204,球员204,T013,足球,后卫,99,2001-03-14,176,58,中国,2023-01-01,现役
P0205,球员205,T013,足球,后卫,21,2001-06-23,169,69,中国,2018-06-01,停赛
P0206,球员206,T013,足球,后卫,82,1994-09-09,167,66,中国,2017-11-01,现役
P0207,球员207,T013,足球,后卫,76,2004-10-05,182,55,中国,2017-11-01,停赛
P0208,球员208,T013,足球,门将,4,2004-02-02,175,86,中国,2019-11-01,现役
P0209,球员209,T013,足球,门将,64,2003-11-18,178,89,中国,2019-11-01,现役
P0210,球员210,T013,足球,中场,59,2000-02-23,172,75,中国,2015-03-01,伤病
P0211,球员211,T013,足球,后卫,44,1998-10-05,180,79,中国,2020-12-01,现役
P0212,球员212,T013,足球,中场,66,1996-09-04,177,58,中国,2020-04-01,伤病
P0213,球员213,T013,足球,后卫,19,1988-02-02,173,78,中国,2019-07-01,停赛
P0214,球员214,T013,足球,中场,74,1998-12-11,172,60,中国,2018-03-01,伤病
P0215,球员215,T013,足球,中场,64,2001-01-03,179,81,中国,2021-09-01,伤病
P0216,球员216,T013,足球,中场,7,1992-01-10,171,87,中国,2022-10-01,伤病
P0217,球员217,T013,足球,门将,56,1994-03-09,182,50,中国,2020-07-01,现役
P0218,球员218,T013,足球,后卫,47,1986-09-10,177,53,中国,2016-07-01,停赛
P0219,球员219,T013,足球,中场,80,1999-11-20,189,85,中国,2016-03-01,现役
P0220,球员220,T014,足球,中场,97,1996-03-07,190,71,中国,2023-07-01,停赛
P0221,球员221,T014,足球,后卫,92,1986-06-26,166,52,中国,2022-09-01,伤病
P0222,球员222,T014,足球,后卫,42,1989-10-11,184,82,中国,2017-07-01,停赛
P0223,球员223,T014,足球,前锋,91,1994-10-10,183,71,中国,2022-01-01,现役
P0224,球员224,T014,足球,前锋,75,1995-05-26,186,57,中国,2015-10-01,伤病
P0225,球员225,T014,足球,后卫,93,1993-01-19,185,87,中国,2022-03-01,停赛
P0226,球员226,T014,足球,前锋,19,2005-11-08,188,89,中国,2015-10-01,现役
P0227,球员227,T014,足球,中场,54,1991-03-14,165,78,中国,2018-07-01,停赛
P0228,球员228,T014,足球,后卫,67,2004-04-18,180,53,中国,2020-11-01,伤病
P0229,球员229,T014,足球,后卫,59,2001-09-11,177,70,中国,2023-06-01,现役
P0230,球员230,T014,足球,后卫,36,2004-09-10,180,62,中国,2018-05-01,现役
P0231,球员231,T014,足球,中场,62,1991-06-18,187,81,中国,2019-05-01,现役
P0232,球员232,T014,足球,前锋,51,2003-06-25,186,84,中国,2017-05-01,现役
P0233,球员233,T014,足球,中场,57,1994-11-09,187,55,中国,2022-04-01,现役
P0234,球员234,T014,足球,中场,18,2002-02-20,173,85,中国,2018-04-01,现役
P0235,球员235,T014,足球,后卫,7,2001-02-14,172,90,中国,2020-12-01,伤病
P0236,球员236,T014,足球,门将,71,1988-03-14,186,58,中国,2022-08-01,现役
P0237,球员237,T014,足球,门将,99,1994-02-21,175,68,中国,2018-09-01,现役
P0238,球员238,T014,足球,门将,51,1990-08-06,178,61,中国,2019-01-01,现役
P0239,球员239,T014,足球,门将,43,1994-05-15,183,88,中国,2023-09-01,伤病
P0240,球员240,T014,足球,中场,25,1989-02-11,181,79,中国,2017-12-01,伤病
P0241,球员241,T014,足球,门将,95,2005-06-26,173,61,中国,2019-10-01,现役
P0242,球员242,T014,足球,前锋,55,1990-09-11,184,90,中国,2016-07-01,现役
P0243,球员243,T014,足球,中场,32,1990-01-09,169,80,中国,2021-04-01,伤病
P0244,球员244,T014,足球,门将,34,1993-11-12,175,69,中国,2018-01-01,现役
P0245,球员245,T014,足球,前锋,88,1999-09-23,174,60,中国,2019-12-01,现役
P0246,球员246,T015,足球,后卫,29,1994-03-16,176,89,中国,2017-08-01,停赛
P0247,球员247,T015,足球,前锋,97,1996-09-26,178,85,中国,2018-04-01,停赛
P0248,球员248,T015,足球,中场,10,1987-10-04,181,78,中国,2015-09-01,停赛
P0249,球员249,T015,足球,后卫,22,1991-06-28,183,84,中国,2023-08-01,现役
P0250,球员250,T015,足球,前锋,12,1991-09-15,187,87,中国,2015-08-01,现役
P0251,球员251,T015,足球,门将,72,2001-08-22,178,79,中国,2019-12-01,现役
P0252,球员252,T015,足球,后卫,75,1997-02-02,173,50,中国,2021-06-01,现役
P0253,球员253,T015,足球,前锋,5,2002-05-14,166,54,中国,2017-03-01,伤病
P0254,球员254,T015,足球,前锋,49,1996-02-22,177,78,中国,2023-03-01,现役
P0255,球员255,T015,足球,前锋,68,1988-03-24,170,84,中国,2018-01-01,现役
P0256,球员256,T015,足球,前锋,69,1994-07-27,179,84,中国,2018-04-01,伤病
P0257,球员257,T015,足球,后卫,93,1996-02-02,169,67,中国,2021-10-01,现役
P0258,球员258,T015,足球,门将,77,1992-01-15,171,54,中国,2015-04-01,现役
P0259,球员259,T015,足球,后卫,97,1997-01-05,179,64,中国,2023-05-01,现役
P0260,球员260,T015,足球,中场,31,2003-05-05,175,86,中国,2023-04-01,伤病
P0261,球员261,T015,足球,后卫,81,1994-11-14,173,53,中国,2023-08-01,现役
P0262,球员262,T015,足球,中场,90,1996-07-14,185,74,中国,2017-05-01,伤病
P0263,球员263,T015,足球,前锋,31,1990-04-10,189,84,中国,2017-08-01,现役
P0264,球员264,T015,足球,后卫,50,2002-04-09,178,76,中国,2018-06-01,现役
P0265,球员265,T015,足球,后卫,7,1999-05-13,176,55,中国,2015-02-01,现役
P0266,球员266,T015,足球,后卫,62,2003-04-28,188,85,中国,2020-05-01,现役
P0267,球员267,T015,足球,前锋,32,1991-12-20,171,57,中国,2018-07-01,现役
P0268,球员268,T015,足球,前锋,60,2002-09-21,175,68,中国,2020-05-01,现役
P0269,球员269,T015,足球,前锋,13,1996-12-16,181,81,中国,2020-04-01,现役
P0270,球员270,T015,足球,后卫,95,1995-03-01,178,52,中国,2019-09-01,停赛
P0271,球员271,T015,足球,中场,20,2003-04-11,188,76,中国,2018-07-01,停赛
P0272,球员272,T015,足球,中场,33,1992-08-24,180,85,中国,2022-08-01,现役
P0273,球员273,T015,足球,前锋,24,1996-09-21,170,58,中国,2015-09-01,现役
P0274,球员274,T015,足球,门将,53,1987-03-27,186,53,中国,2018-02-01,现役
P0275,球员275,T015,足球,前锋,48,1985-01-20,171,82,中国,2022-11-01,伤病
P0276,球员276,T016,足球,前锋,2,1985-01-17,182,85,中国,2019-09-01,现役
P0277,球员277,T016,足球,后卫,14,1985-02-17,181,77,中国,2017-04-01,现役
P0278,球员278,T016,足球,中场,35,2004-07-03,181,66,中国,2020-07-01,伤病
P0279,球员279,T016,足球,中场,88,2003-02-21,172,64,中国,2015-02-01,伤病
P0280,球员280,T016,足球,前锋,8,1997-11-01,177,85,中国,2017-02-01,伤病
P0281,球员281,T016,足球,门将,68,1998-01-08,185,71,中国,2018-12-01,停赛
P0282,球员282,T016,足球,门将,88,2000-05-18,173,52,中国,2015-03-01,现役
P0283,球员283,T016,足球,后卫,97,1985-12-27,171,87,中国,2021-02-01,现役
P0284,球员284,T016,足球,前锋,87,1990-09-11,183,65,中国,2021-12-01,现役
P0285,球员285,T016,足球,门将,13,1987-07-08,181,72,中国,2016-06-01,停赛
P0286,球员286,T016,足球,中场,4,2004-11-09,184,75,中国,2022-08-01,现役
P0287,球员287,T016,足球,前锋,24,1996-11-19,182,74,中国,2021-02-01,停赛
P0288,球员288,T016,足球,门将,11,1994-05-05,190,65,中国,2021-12-01,现役
P0289,球员289,T016,足球,门将,12,1997-01-10,175,73,中国,2022-06-01,现役
P0290,球员290,T016,足球,后卫,56,1988-08-18,169,55,中国,2023-09-01,伤病
P0291,球员291,T016,足球,中场,71,1988-02-20,165,55,中国,2020-07-01,现役
P0292,球员292,T016,足球,门将,93,1994-09-08,178,74,中国,2023-03-01,伤病
P0293,球员293,T016,足球,中场,35,1990-08-05,169,67,中国,2016-03-01,伤病
P0294,球员294,T016,足球,前锋,10,1993-06-09,178,69,中国,2018-12-01,伤病
P0295,球员295,T016,足球,前锋,14,2004-03-10,184,62,中国,2015-07-01,现役
P0296,球员296,T017,排球,二传,43,2004-07-27,184,71,中国,2017-05-01,现役
P0297,球员297,T017,排球,二传,41,2004-03-13,204,62,中国,2020-05-01,伤病
P0298,球员298,T017,排球,接应,49,2003-05-27,210,65,中国,2021-06-01,现役
P0299,球员299,T017,排球,自由人,24,2003-11-25,172,87,中国,2023-01-01,伤病
P0300,球员300,T017,排球,主攻,53,1991-11-16,188,68,中国,2017-11-01,现役
P0301,球员301,T017,排球,二传,49,1992-02-15,176,59,中国,2022-10-01,伤病
P0302,球员302,T017,排球,自由人,5,2002-06-23,192,76,中国,2023-10-01,现役
P0303,球员303,T017,排球,接应,22,1988-11-20,209,65,中国,2015-10-01,伤病
P0304,球员304,T017,排球,主攻,2,1995-02-09,210,77,中国,2018-09-01,停赛
P0305,球员305,T017,排球,副攻,58,2002-06-13,197,86,中国,2022-11-01,停赛
P0306,球员306,T017,排球,主攻,62,2001-02-10,169,72,中国,2021-02-01,现役
P0307,球员307,T017,排球,接应,59,1989-04-17,182,69,中国,2022-06-01,伤病
P0308,球员308,T017,排球,接应,9,1988-05-02,188,78,中国,2016-01-01,现役
P0309,球员309,T017,排球,副攻,67,2005-03-18,166,60,中国,2017-06-01,停赛
P0310,球员310,T017,排球,二传,81,1998-03-06,189,64,中国,2021-07-01,现役
P0311,球员311,T017,排球,自由人,55,2004-07-01,172,78,中国,2018-04-01,现役
P0312,球员312,T017,排球,自由人,24,1987-06-11,196,56,中国,2018-08-01,现役
P0313,球员313,T017,排球,自由人,82,1993-06-20,202,81,中国,2021-10-01,伤病
P0314,球员314,T018,排球,二传,80,1988-03-27,182,72,中国,2019-10-01,停赛
P0315,球员315,T018,排球,接应,16,1987-04-10,203,58,中国,2016-03-01,现役
P0316,球员316,T018,排球,二传,77,1989-03-19,192,74,中国,2021-07-01,现役
P0317,球员317,T018,排球,副攻,72,2000-03-16,200,84,中国,2019-03-01,现役
P0318,球员318,T018,排球,主攻,46,1995-01-16,188,89,中国,2017-04-01,伤病
P0319,球员319,T018,排球,二传,88,2002-08-14,192,81,中国,2022-08-01,现役
P0320,球员320,T018,排球,副攻,38,1987-01-09,196,51,中国,2018-09-01,现役
P0321,球员321,T018,排球,自由人,96,1990-08-18,209,79,中国,2023-02-01,停赛
P0322,球员322,T018,排球,接应,70,1988-01-25,177,84,中国,2022-09-01,现役
P0323,球员323,T018,排球,接应,5,1998-08-09,166,65,中国,2020-02-01,伤病
P0324,球员324,T018,排球,副攻,95,1988-10-23,209,65,中国,2020-12-01,停赛
P0325,球员325,T018,排球,自由人,18,2005-04-27,187,60,中国,2018-01-01,停赛
P0326,球员326,T018,排球,自由人,69,1996-03-11,194,67,中国,2019-05-01,停赛
P0327,球员327,T018,排球,副攻,97,1993-07-02,192,56,中国,2019-11-01,现役
P0328,球员328,T018,排球,接应,32,1989-11-13,175,59,中国,2022-03-01,停赛
P0329,球员329,T018,排球,二传,49,2005-08-03,177,90,中国,2016-07-01,停赛
P0330,球员330,T019,排球,二传,63,1993-06-19,204,73,中国,2015-12-01,现役
P0331,球员331,T019,排球,主攻,69,1999-07-07,200,72,中国,2021-04-01,伤病
P0332,球员332,T019,排球,接应,71,1993-10-05,180,68,中国,2022-06-01,现役
P0333,球员333,T019,排球,二传,3,1986-02-28,166,90,中国,2017-08-01,伤病
P0334,球员334,T019,排球,副攻,84,1985-05-06,187,62,中国,2019-02-01,现役
P0335,球员335,T019,排球,副攻,7,1993-07-21,165,73,中国,2019-12-01,现役
P0336,球员336,T019,排球,主攻,1,1998-04-16,201,55,中国,2016-03-01,停赛
P0337,球员337,T019,排球,主攻,2,1992-12-11,193,78,中国,2016-07-01,现役
P0338,球员338,T019,排球,二传,12,2000-12-26,164,64,中国,2016-02-01,现役
P0339,球员339,T019,排球,二传,97,1996-03-21,179,58,中国,2017-02-01,停赛
P0340,球员340,T019,排球,副攻,57,2003-06-24,160,89,中国,2018-11-01,现役
P0341,球员341,T019,排球,副攻,12,1998-02-05,199,78,中国,2016-10-01,伤病
P0342,球员342,T019,排球,副攻,32,1996-05-21,187,70,中国,2016-04-01,停赛
P0343,球员343,T019,排球,接应,89,2004-01-28,198,88,中国,2019-04-01,停赛
P0344,球员344,T019,排球,二传,38,2004-11-02,192,62,中国,2018-08-01,伤病
P0345,球员345,T019,排球,自由人,10,1988-09-01,175,81,中国,2020-06-01,现役
P0346,球员346,T019,排球,接应,70,1997-11-06,196,76,中国,2022-02-01,现役
P0347,球员347,T020,排球,副攻,6,1987-01-26,160,66,中国,2021-09-01,现役
P0348,球员348,T020,排球,二传,55,2005-12-13,205,82,中国,2016-11-01,停赛
P0349,球员349,T020,排球,接应,11,2002-05-03,199,59,中国,2023-04-01,现役
P0350,球员350,T020,排球,自由人,82,2002-11-22,180,75,中国,2016-05-01,伤病
P0351,球员351,T020,排球,主攻,56,1992-02-15,163,65,中国,2015-05-01,现役
P0352,球员352,T020,排球,主攻,21,1988-08-12,160,58,中国,2023-09-01,现役
P0353,球员353,T020,排球,接应,94,1990-02-25,183,58,中国,2015-06-01,伤病
P0354,球员354,T020,排球,接应,92,1993-10-21,193,54,中国,2016-08-01,伤病
P0355,球员355,T020,排球,二传,73,2001-03-12,183,53,中国,2017-05-01,现役
P0356,球员356,T020,排球,副攻,95,2003-09-01,203,57,中国,2015-01-01,现役
P0357,球员357,T020,排球,二传,20,1986-03-28,190,73,中国,2015-09-01,伤病
P0358,球员358,T020,排球,二传,93,1992-06-09,180,65,中国,2016-10-01,现役
P0359,球员359,T020,排球,副攻,29,1988-09-02,192,53,中国,2021-02-01,伤病
P0360,球员360,T020,排球,接应,12,1994-09-15,209,69,中国,2015-06-01,现役
P0361,球员361,T020,排球,自由人,32,1994-08-12,196,69,中国,2022-04-01,停赛
P0362,球员362,T020,排球,二传,4,1992-04-18,169,50,中国,2020-11-01,现役
P0363,球员363,T021,排球,接应,14,1985-04-17,208,74,中国,2018-07-01,伤病
P0364,球员364,T021,排球,主攻,6,1986-04-28,169,67,中国,2023-07-01,现役
P0365,球员365,T021,排球,自由人,13,1999-09-05,207,55,中国,2021-02-01,停赛
P0366,球员366,T021,排球,副攻,31,2003-05-09,163,77,中国,2020-07-01,现役
P0367,球员367,T021,排球,副攻,10,1995-04-05,188,67,中国,2016-03-01,现役
P0368,球员368,T021,排球,接应,53,1990-02-18,188,79,中国,2020-04-01,伤病
P0369,球员369,T021,排球,主攻,12,1994-03-26,189,66,中国,2019-12-01,停赛
P0370,球员370,T021,排球,副攻,12,1986-12-08,173,70,中国,2020-07-01,停赛
P0371,球员371,T021,排球,接应,23,1986-01-13,203,69,中国,2022-09-01,停赛
P0372,球员372,T021,排球,主攻,18,1992-02-01,166,79,中国,2015-04-01,现役
P0373,球员373,T021,排球,主攻,75,1991-10-09,185,73,中国,2016-01-01,现役
P0374,球员374,T021,排球,副攻,12,1991-06-04,201,78,中国,2015-08-01,现役
P0375,球员375,T021,排球,二传,64,1990-01-13,196,77,中国,2021-03-01,现役
P0376,球员376,T021,排球,接应,58,1991-03-02,171,67,中国,2018-11-01,现役
P0377,球员377,T022,排球,主攻,12,1998-05-13,195,80,中国,2017-07-01,现役
P0378,球员378,T022,排球,自由人,3,2005-07-26,193,65,中国,2020-08-01,停赛
P0379,球员379,T022,排球,自由人,42,2000-07-09,182,86,中国,2017-01-01,现役
P0380,球员380,T022,排球,接应,8,2004-08-17,174,51,中国,2020-10-01,现役
P0381,球员381,T022,排球,副攻,35,1990-09-27,166,65,中国,2015-04-01,停赛
P0382,球员382,T022,排球,副攻,31,1997-10-11,182,61,中国,2020-10-01,现役
P0383,球员383,T022,排球,副攻,73,1996-04-27,196,86,中国,2022-09-01,现役
P0384,球员384,T022,排球,主攻,8,1990-04-20,191,52,中国,2018-01-01,停赛
P0385,球员385,T022,排球,自由人,26,2000-03-11,160,71,中国,2017-06-01,现役
P0386,球员386,T022,排球,副攻,15,1985-09-28,169,87,中国,2020-02-01,现役
P0387,球员387,T022,排球,接应,39,1997-06-05,197,56,中国,2017-12-01,伤病
P0388,球员388,T022,排球,副攻,91,2005-09-23,191,70,中国,2020-04-01,停赛
P0389,球员389,T022,排球,接应,17,1990-03-24,184,69,中国,2015-12-01,停赛
P0390,球员390,T022,排球,主攻,24,1997-10-11,209,86,中国,2018-11-01,停赛
P0391,球员391,T022,排球,接应,96,1988-02-08,191,59,中国,2020-06-01,现役
P0392,球员392,T023,排球,接应,58,1987-01-09,205,90,中国,2018-04-01,现役
P0393,球员393,T023,排球,主攻,7,1996-07-15,176,56,中国,2021-03-01,伤病
P0394,球员394,T023,排球,自由人,49,2000-02-27,184,72,中国,2022-10-01,现役
P0395,球员395,T023,排球,主攻,38,1990-01-11,188,54,中国,2019-02-01,现役
P0396,球员396,T023,排球,副攻,94,1995-02-18,170,74,中国,2016-06-01,停赛
P0397,球员397,T023,排球,二传,84,2004-03-20,190,51,中国,2021-03-01,现役
P0398,球员398,T023,排球,副攻,53,1988-12-18,181,63,中国,2023-05-01,现役
P0399,球员399,T023,排球,主攻,51,1994-10-18,175,56,中国,2022-03-01,现役
P0400,球员400,T023,排球,主攻,38,1996-11-21,160,77,中国,2022-04-01,现役
P0401,球员401,T023,排球,接应,11,1985-08-28,173,60,中国,2016-05-01,伤病
P0402,球员402,T023,排球,主攻,83,2000-09-13,191,66,中国,2017-06-01,伤病
P0403,球员403,T023,排球,主攻,34,1996-08-15,171,78,中国,2019-04-01,现役
P0404,球员404,T023,排球,主攻,11,2003-11-12,163,59,中国,2023-07-01,停赛
P0405,球员405,T023,排球,二传,67,1992-07-18,195,53,中国,2022-10-01,现役
P0406,球员406,T023,排球,二传,92,2000-01-17,179,55,中国,2023-10-01,停赛
P0407,球员407,T023,排球,副攻,22,1989-04-26,167,78,中国,2018-03-01,现役
P0408,球员408,T023,排球,副攻,81,1998-03-27,165,77,中国,2019-06-01,现役
P0409,球员409,T024,排球,自由人,42,1997-05-17,195,75,中国,2022-01-01,停赛
P0410,球员410,T024,排球,主攻,54,2003-03-05,193,76,中国,2016-02-01,停赛
P0411,球员411,T024,排球,自由人,45,1988-07-09,210,68,中国,2021-11-01,伤病
P0412,球员412,T024,排球,主攻,23,2003-05-13,198,80,中国,2017-10-01,停赛
P0413,球员413,T024,排球,接应,89,1997-04-02,162,75,中国,2022-05-01,现役
P0414,球员414,T024,排球,接应,36,1985-08-28,181,69,中国,2016-04-01,现役
P0415,球员415,T024,排球,接应,35,1994-12-14,207,78,中国,2016-04-01,伤病
P0416,球员416,T024,排球,自由人,48,1991-01-17,186,81,中国,2017-02-01,现役
P0417,球员417,T024,排球,自由人,73,2001-01-06,185,58,中国,2018-04-01,现役
P0418,球员418,T024,排球,主攻,47,1992-12-07,162,79,中国,2019-06-01,伤病
P0419,球员419,T024,排球,主攻,88,2001-01-08,185,90,中国,2020-08-01,停赛
P0420,球员420,T024,排球,自由人,71,1999-06-12,171,80,中国,2017-05-01,现役
P0421,球员421,T025,乒乓球,单打,74,1985-04-28,177,53,中国,2018-11-01,现役
P0422,球员422,T025,乒乓球,团体,3,1991-11-01,173,76,中国,2022-03-01,现役
P0423,球员423,T025,乒乓球,单打,33,2004-10-26,190,50,中国,2019-12-01,现役
P0424,球员424,T025,乒乓球,双打,33,1998-04-15,177,72,中国,2019-11-01,停赛
P0425,球员425,T025,乒乓球,单打,1,2004-09-22,177,87,中国,2020-09-01,停赛
P0426,球员426,T025,乒乓球,团体,14,2004-08-03,174,69,中国,2020-05-01,现役
P0427,球员427,T025,乒乓球,单打,20,1993-09-25,173,69,中国,2018-01-01,停赛
P0428,球员428,T026,乒乓球,团体,4,1995-11-16,186,58,中国,2019-05-01,伤病
P0429,球员429,T026,乒乓球,团体,91,1997-10-27,177,52,中国,2018-06-01,现役
P0430,球员430,T026,乒乓球,团体,46,2002-09-10,185,80,中国,2017-11-01,停赛
P0431,球员431,T026,乒乓球,双打,17,1990-12-09,174,56,中国,2023-03-01,现役
P0432,球员432,T026,乒乓球,双打,29,2005-12-28,167,64,中国,2019-07-01,现役
P0433,球员433,T026,乒乓球,双打,60,1996-02-16,173,87,中国,2015-11-01,停赛
P0434,球员434,T026,乒乓球,双打,25,2003-09-04,184,54,中国,2021-09-01,现役
P0435,球员435,T026,乒乓球,单打,26,1998-06-14,166,59,中国,2022-03-01,现役
P0436,球员436,T027,乒乓球,双打,43,1990-11-06,189,55,中国,2020-11-01,现役
P0437,球员437,T027,乒乓球,单打,98,1985-03-19,179,67,中国,2017-08-01,现役
P0438,球员438,T027,乒乓球,团体,55,1989-07-14,184,77,中国,2022-07-01,现役
P0439,球员439,T027,乒乓球,团体,48,1986-01-11,182,62,中国,2023-04-01,现役
P0440,球员440,T027,乒乓球,单打,89,1985-06-10,185,65,中国,2017-02-01,伤病
P0441,球员441,T027,乒乓球,单打,9,2001-01-10,183,69,中国,2019-08-01,停赛
P0442,球员442,T027,乒乓球,双打,88,2004-03-11,181,71,中国,2022-06-01,现役
P0443,球员443,T027,乒乓球,单打,30,1990-04-24,190,75,中国,2017-04-01,现役
P0444,球员444,T027,乒乓球,单打,47,2003-12-21,181,60,中国,2015-07-01,现役
P0445,球员445,T027,乒乓球,团体,7,2002-11-04,184,53,中国,2015-01-01,现役
P0446,球员446,T028,乒乓球,团体,33,1999-08-23,177,57,中国,2017-04-01,现役
P0447,球员447,T028,乒乓球,团体,67,1994-05-20,178,56,中国,2017-07-01,现役
P0448,球员448,T028,乒乓球,单打,37,2001-02-26,188,89,中国,2016-08-01,现役
P0449,球员449,T028,乒乓球,团体,26,2004-06-23,171,66,中国,2021-05-01,现役
P0450,球员450,T028,乒乓球,单打,89,1986-08-11,182,81,中国,2018-01-01,现役
P0451,球员451,T028,乒乓球,团体,64,1987-03-03,168,86,中国,2023-02-01,现役
P0452,球员452,T028,乒乓球,双打,38,1993-05-15,185,64,中国,2015-02-01,现役
P0453,球员453,T028,乒乓球,团体,41,1986-07-24,174,73,中国,2016-02-01,现役
P0454,球员454,T029,乒乓球,双打,46,1989-08-20,186,60,中国,2019-12-01,现役
P0455,球员455,T029,乒乓球,单打,52,1996-07-15,175,61,中国,2019-07-01,伤病
P0456,球员456,T029,乒乓球,单打,17,1998-12-24,185,60,中国,2015-03-01,现役
P0457,球员457,T029,乒乓球,团体,87,1998-08-06,183,80,中国,2021-06-01,停赛
P0458,球员458,T029,乒乓球,双打,63,1985-02-14,186,58,中国,2022-01-01,现役
P0459,球员459,T030,乒乓球,团体,87,2005-09-25,175,50,中国,2018-11-01,现役
P0460,球员460,T030,乒乓球,单打,56,2001-11-24,181,89,中国,2018-08-01,现役
P0461,球员461,T030,乒乓球,团体,79,2005-01-01,177,59,中国,2017-09-01,伤病
P0462,球员462,T030,乒乓球,双打,42,2000-04-11,170,54,中国,2019-01-01,停赛
P0463,球员463,T030,乒乓球,双打,31,1992-02-15,182,74,中国,2022-10-01,伤病
P0464,球员464,T030,乒乓球,双打,16,1987-08-24,180,78,中国,2015-02-01,伤病
P0465,球员465,T030,乒乓球,团体,1,1998-02-26,166,85,中国,2019-09-01,停赛
P0466,球员466,T031,乒乓球,双打,47,2005-01-27,186,79,中国,2018-08-01,现役
P0467,球员467,T031,乒乓球,团体,61,2002-12-22,189,89,中国,2020-12-01,伤病
P0468,球员468,T031,乒乓球,单打,44,1988-06-27,168,64,中国,2019-09-01,停赛
P0469,球员469,T031,乒乓球,单打,22,1996-08-05,187,56,中国,2021-02-01,现役
P0470,球员470,T031,乒乓球,单打,51,2004-04-15,171,62,中国,2018-12-01,现役
P0471,球员471,T031,乒乓球,单打,82,1988-11-19,189,76,中国,2016-08-01,伤病
P0472,球员472,T032,乒乓球,双打,1,2003-09-24,181,58,中国,2015-09-01,伤病
P0473,球员473,T032,乒乓球,单打,89,2003-10-06,180,82,中国,2017-02-01,伤病
P0474,球员474,T032,乒乓球,团体,50,2004-07-20,184,70,中国,2018-05-01,伤病
P0475,球员475,T032,乒乓球,单打,18,1995-07-20,174,78,中国,2023-05-01,停赛
P0476,球员476,T032,乒乓球,团体,28,1995-04-07,187,85,中国,2019-11-01,现役
P0477,球员477,T032,乒乓球,团体,70,1989-12-21,187,61,中国,2020-12-01,现役
P0478,球员478,T032,乒乓球,团体,74,1996-11-23,182,80,中国,2021-11-01,停赛
P0479,球员479,T032,乒乓球,团体,14,1994-01-13,178,50,中国,2017-01-01,现役
P0480,球员480,T032,乒乓球,双打,88,1991-05-05,173,60,中国,2015-12-01,现役
P0481,球员481,T032,乒乓球,单打,46,1991-08-04,189,84,中国,2023-04-01,停赛
P0482,球员482,T033,羽毛球,混双,86,1992-01-13,181,68,中国,2021-07-01,现役
P0483,球员483,T033,羽毛球,混双,33,2002-04-20,166,50,中国,2022-04-01,现役
P0484,球员484,T033,羽毛球,单打,93,2003-04-10,182,88,中国,2022-03-01,现役
P0485,球员485,T033,羽毛球,单打,49,1990-01-14,170,82,中国,2019-09-01,现役
P0486,球员486,T033,羽毛球,双打,1,1989-06-15,170,87,中国,2017-01-01,现役
P0487,球员487,T033,羽毛球,混双,79,1995-11-10,184,53,中国,2022-10-01,停赛
P0488,球员488,T033,羽毛球,混双,29,1996-03-17,167,70,中国,2016-09-01,现役
P0489,球员489,T033,羽毛球,双打,12,1998-06-08,182,84,中国,2018-11-01,现役
P0490,球员490,T034,羽毛球,混双,68,1996-08-18,174,63,中国,2015-02-01,现役
P0491,球员491,T034,羽毛球,混双,32,1999-01-22,172,89,中国,2020-07-01,现役
P0492,球员492,T034,羽毛球,混双,37,1997-01-17,173,84,中国,2020-09-01,停赛
P0493,球员493,T034,羽毛球,双打,84,1999-04-11,180,52,中国,2023-02-01,现役
P0494,球员494,T034,羽毛球,混双,1,1990-11-03,189,84,中国,2018-11-01,现役
P0495,球员495,T034,羽毛球,混双,90,1998-12-25,168,63,中国,2021-11-01,现役
P0496,球员496,T034,羽毛球,混双,43,1989-01-03,165,79,中国,2016-01-01,现役
P0497,球员497,T035,羽毛球,单打,34,2002-07-13,167,86,中国,2022-11-01,伤病
P0498,球员498,T035,羽毛球,双打,87,1998-02-18,175,51,中国,2015-11-01,停赛
P0499,球员499,T035,羽毛球,单打,90,1987-02-12,189,87,中国,2023-02-01,现役
P0500,球员500,T035,羽毛球,双打,98,1994-08-13,184,55,中国,2021-11-01,现役
P0501,球员501,T035,羽毛球,单打,18,2000-12-13,170,84,中国,2023-05-01,现役
P0502,球员502,T035,羽毛球,单打,71,1994-09-05,186,73,中国,2016-01-01,现役
P0503,球员503,T035,羽毛球,混双,71,2003-02-10,184,75,中国,2018-12-01,现役
P0504,球员504,T036,羽毛球,单打,21,1998-03-08,185,82,中国,2019-04-01,现役
P0505,球员505,T036,羽毛球,单打,97,1990-09-15,186,86,中国,2023-02-01,现役
P0506,球员506,T036,羽毛球,单打,93,1987-10-16,173,56,中国,2020-06-01,现役
P0507,球员507,T036,羽毛球,双打,80,2005-02-07,172,56,中国,2020-08-01,伤病
P0508,球员508,T036,羽毛球,混双,75,1995-03-19,184,69,中国,2020-06-01,伤病
P0509,球员509,T036,羽毛球,单打,29,1990-12-24,165,70,中国,2021-05-01,现役
P0510,球员510,T037,羽毛球,双打,46,1995-05-16,180,79,中国,2023-02-01,现役
P0511,球员511,T037,羽毛球,双打,18,2005-09-07,184,55,中国,2019-12-01,现役
P0512,球员512,T037,羽毛球,混双,4,1987-10-19,165,82,中国,2021-10-01,现役
P0513,球员513,T037,羽毛球,混双,70,1986-08-21,182,66,中国,2017-06-01,伤病
P0514,球员514,T037,羽毛球,混双,38,1992-03-15,189,87,中国,2023-09-01,现役
P0515,球员515,T037,羽毛球,单打,85,1997-04-28,176,82,中国,2017-09-01,现役
P0516,球员516,T038,羽毛球,混双,85,1990-03-24,170,86,中国,2022-06-01,现役
P0517,球员517,T038,羽毛球,单打,9,1992-05-12,189,81,中国,2018-01-01,现役
P0518,球员518,T038,羽毛球,双打,61,2001-08-02,190,73,中国,2015-11-01,现役
P0519,球员519,T038,羽毛球,混双,36,1988-12-09,187,83,中国,2023-10-01,现役
P0520,球员520,T038,羽毛球,双打,76,1997-11-27,185,74,中国,2016-09-01,现役
P0521,球员521,T038,羽毛球,双打,46,1997-06-16,172,83,中国,2022-10-01,现役
P0522,球员522,T038,羽毛球,单打,30,2001-02-17,169,78,中国,2019-04-01,现役
P0523,球员523,T038,羽毛球,混双,92,1990-02-22,170,73,中国,2018-07-01,现役
P0524,球员524,T039,羽毛球,双打,27,1988-10-06,180,80,中国,2021-01-01,现役
P0525,球员525,T039,羽毛球,混双,21,1986-03-21,169,86,中国,2023-01-01,停赛
P0526,球员526,T039,羽毛球,双打,24,1989-09-13,166,60,中国,2015-12-01,现役
P0527,球员527,T039,羽毛球,混双,61,1987-08-06,171,78,中国,2018-07-01,停赛
P0528,球员528,T039,羽毛球,单打,80,1989-11-17,190,87,中国,2019-03-01,现役
P0529,球员529,T039,羽毛球,单打,30,1999-07-13,184,87,中国,2017-02-01,现役
P0530,球员530,T039,羽毛球,混双,54,1991-03-20,181,82,中国,2016-03-01,伤病
P0531,球员531,T039,羽毛球,混双,65,2004-02-03,184,52,中国,2022-11-01,现役
P0532,球员532,T039,羽毛球,混双,84,2004-07-17,182,50,中国,2021-06-01,现役
P0533,球员533,T039,羽毛球,双打,99,2001-07-12,178,64,中国,2016-07-01,现役
P0534,球员534,T040,羽毛球,单打,37,2000-10-18,189,64,中国,2021-05-01,现役
P0535,球员535,T040,羽毛球,混双,67,1985-02-17,187,50,中国,2015-07-01,现役
P0536,球员536,T040,羽毛球,单打,20,1995-07-21,178,73,中国,2019-05-01,停赛
P0537,球员537,T040,羽毛球,混双,36,1998-11-13,183,73,中国,2018-07-01,停赛
P0538,球员538,T040,羽毛球,双打,72,2002-09-16,180,61,中国,2019-05-01,停赛
P0539,球员539,T040,羽毛球,混双,18,1996-11-04,189,75,中国,2018-08-01,现役
P0540,球员540,T040,羽毛球,双打,44,1988-09-20,171,82,中国,2015-03-01,伤病
